miniekskavatoriai.lt	Tikslus technikos raktažodis; nuomos, darbų ir pardavimo alternatyvos. Pirmas tyrimas58/100: mūsų mokėtojas dar nepatvirtintas.
naujasstogas.lt	Aiškus brangesnio projekto ketinimas; medžiagų ir darbų tarpininkavimo hipotezė.
rekuperacijosmeistrai.lt	Aiškus montavimo ketinimas; galima derinti įrangą, darbus ir vėlesnę priežiūrą.
svetainesprieziura.lt	Aiškus periodinės B2B paslaugos pavadinimas; prenumeratos ir nuotolinio vykdymo galimybė.
kompiuteriu-prieziura.lt	Periodinės įmonių priežiūros hipotezė; sutarties alternatyva pavieniam remontui. Pirmas tyrimas58/100: mūsų mokėtojas nepatvirtintas.
klientuvaldymas.lt	Trumpas B2B problemos raktažodis; CRM diegimo, integracijų ir priežiūros alternatyvos.
metalo-tvoros.lt	Konkretus gaminys su montavimu; galima kvalifikuoti projekto užklausą.
atliekukonteineriai.lt	Aiškus užsakymo objektas; nuomos ir atliekų išvežimo tarpininkavimo galimybė.
santechnikupaslaugos.lt	Tiesioginis paslaugos ketinimas; avariniai darbai ir didesni įrengimo projektai.
kiemodanga.lt	Aiškus projekto rezultatas; dangos, paruošimo ir klojimo pasiūlymų alternatyvos.
nestandartiniaivirtuvesbaldai.lt	Labai tikslus individualaus užsakymo ketinimas; projektavimo ir gamybos užklausos.
ventiliacijossistemos.lt	Tikslus techninis produktas; projektavimo, montavimo ir aptarnavimo alternatyvos.
kelimoiranga.lt	Trumpas B2B technikos raktažodis; nuomos, pardavimo ir serviso modelių pasirinkimas.
fasadopastoliai.lt	Tikslus statybų produktas; projektinės nuomos ir montavimo užklausų hipotezė.
darborubas.lt	Trumpas komercinis pavadinimas; įmonių aprangos pakartotinių užsakymų hipotezė.
periodinisvalymas.lt	Pavadinimas tiesiogiai siūlo pasikartojančią paslaugą; galima ilgalaikė sutartis.
svaraverslui.lt	Aiškus B2B segmentas; periodinių patalpų priežiūros užsakymų galimybė.
medziuprieziura.lt	Konkretus specializuotas darbas; kvalifikuoto vykdymo ir periodinės priežiūros hipotezė.
praejimokontrolessistemos.lt	Tikslus B2B techninis poreikis; įrangos, diegimo ir priežiūros komplektas.
paruosta-eparduotuve.lt	Aiškus mokamas verslo rezultatas; kūrimo ir priežiūros alternatyva. Pirmas tyrimas64/100: programa nėra mūsų vykdymo įrodymas.
elektros-varikliai.lt	Konkretus pramoninis produktas; pardavimo, remonto ir pakeitimo užklausos.
pjovimasplazma.lt	Labai konkretus B2B gamybos ketinimas; brėžiniu grindžiamos užklausos ir pakartotiniai darbai.
namoautomatika.lt	Aiški techninė niša; projektavimo, diegimo ir palaikymo alternatyvos, būtinas suderinamumas.
mobiluspadanguservisas.lt	Aiškus rezultatas kliento vietoje; skubos ir automobilių parkų aptarnavimo hipotezė.
komerciniupatalpunuoma.lt	Tikslus B2B sandorio ketinimas; galimas tarpininkavimas, būtina tikra pasiūla ir sutartys.
apsauganamui.lt	Aiškus kliento poreikis; įrangos ir montavimo palyginimo galimybė.
lietausnuvedimosistemos.lt	Konkretus statybų komponentas; medžiagos ir montavimo darbai vienoje projekto užklausoje.
plieninestogodanga.lt	Tikslus gaminio raktažodis; dangos pasiūlymai su komplektacija ir montavimu.
mininamas.lt	Trumpas konkretaus būsto tipo pavadinimas; didesnio sandorio hipotezė, sudėtingas vykdymas.
baldaikavinems.lt	Aiškus verslo pirkėjas; komplektavimo ir individualios gamybos užsakymų galimybė.
autoboksteliai.lt	Trumpas technikos raktažodis; nuomos ir darbų su operatoriumi alternatyvos.
dumperiunuoma.lt	Tikslus B2B technikos nuomos ketinimas; užklausa pagal projektą, reikalingas realus tiekėjas.
darbaivairuotojams.lt	Konkretus darbuotojų segmentas; galimas darbdavio mokestis, būtina patikrinti mokėtoją.
nupirksimautomobili.lt	Labai aiškus sandorio ketinimas; kvalifikuotų pardavėjų užklausos, partnerio mokestis nežinomas.
auto-tralas.lt	Tikslus skubios paslaugos raktažodis; greito užklausos paskirstymo galimybė.
autotikrinimas.lt	Aiškus mokamas patikros rezultatas; pirkimo rizikos mažinimo paslauga su realiu specialistu.
virtualiadministratore.lt	Periodinių B2B administravimo darbų hipotezė; galima nuotolinė paslauga su aiškia apimtimi.
noriuklientu.lt	Trumpas verslo rezultato pavadinimas; nišinio klientų pritraukimo paslaugos hipotezė.
statybosmarketingas.lt	Aiškus B2B segmentas ir rezultatas; pritraukimo paslauga, būtini savo veiksmingumo įrodymai.
agroiranga.lt	Trumpas technikos pavadinimas; pardavimo ir remonto užklausų alternatyvos, svarbus sezoniškumas.
medziostakles.lt	Tikslus pramoninis gaminys; galimos pardavimo, naudotos įrangos ir serviso užklausos.
cncvilnius.lt	Konkretus vietinis gamybos ketinimas; B2B užsakymai pagal failus, miesto riba mažina plėtrą.
jusukalve.lt	Individualios kalvystės projektų hipotezė; silpnesnis tikslus raktažodis, būtina tikra kompetencija.
dezuciugamyba.lt	Aiški gamybos paslauga; galimi pakartotiniai B2B pakuotės užsakymai.
medinesdezes.lt	Konkretus pakuotės gaminys; galimi individualūs B2B pakartotiniai užsakymai, patikrinti gretimos nišos dubliavimą.
kompiuteriu-nuoma.lt	Tikslus nuomos raktažodis; įmonių, mokymų ir renginių užklausų alternatyvos.
irankionuoma.lt	Trumpas konkretus nuomos ketinimas; daug įrankių tipų, būtinas realus partnerių prieinamumas.
sklypuvalymas.lt	Aiškus projekto rezultatas; galima formuoti užklausą pagal plotą ir atliekų rūšį.
zeldynuprieziura.lt	Periodinės priežiūros hipotezė; B2B ir gyvenamųjų teritorijų sutartys.
sodoapzeldinimas.lt	Konkretus projektinis rezultatas; projektavimo, augalų ir darbų užklausos.
aplinkostvarkymasvilnius.lt	Aiškus vietinis paslaugos ketinimas; projekto ir priežiūros alternatyvos, geografija ribota.
betonuok.lt	Trumpas veiksmo pavadinimas; konkrečių betonavimo projektų užklausos, būtina tikslinti darbų tipą.
paminklaiantkapiai.lt	Labai aiškus individualaus gaminio ir montavimo ketinimas; svarbūs patikimi meistrai ir jautrus aptarnavimas.
elektrosdarbaikaune.lt	Tiesioginis vietinės paslaugos ketinimas; kvalifikuotas vykdymas ir ribota geografija.
kaminuideklumeistrai.lt	Konkretus specializuotas montavimas; gaminio ir darbų užklausos su aiškia technine atranka.
kondicionieriumontavimaskaune.lt	Labai aiškus pirkimo ketinimas; montavimo užklausa, ilgas vietinis pavadinimas ir sezoniškumas.
vilniauskondicionieriai.lt	Aiškus vietinis produktas; įrangos ir montavimo alternatyvos, reikia išvengti gretimos nišos dubliavimo.
siltnamiuspecialistai.lt	Konkretus gaminys su montavimu; projektų užklausos, sezoniškumas ir logistikos ribos.
laukobaseinas.lt	Konkretus gaminys; įrengimo ir priežiūros hipotezė, skirtingi biudžetai ir sezoniškumas.
medienospjovimas.lt	Tikslus gamybos veiksmas; užklausos pagal matmenis ir kiekius, svarbi vieneto ekonomika.
stiklopjovimas.lt	Tikslus paslaugos raktažodis; užklausos pagal matmenis, mažų užsakymų administravimo rizika.
mobiliospertvaros.lt	Konkretus B2B interjero sprendimas; komplektavimo ir montavimo užklausos.
vertikalioszaliuzes.lt	Konkretus langų gaminys; matavimo, komplektavimo ir montavimo alternatyvos.
zaliuzestau.lt	Suprantamas gaminio pavadinimas; pardavimas su montavimu galimas, silpnesnis tikslus raktažodis.
akmensplokstes.lt	Tikslus gaminys; projektinio apdirbimo alternatyvos, konkurencija ir logistika dar nežinomos.
paslaugosmiskui.lt	Aiškus darbų segmentas; galima kvalifikuoti projektą, tačiau vykdymas ir atsakomybė sudėtingi.
utenosmelioracija.lt	Tikslus vietinis specializuotas darbas; didesnio projekto hipotezė, siauras regionas.
baldugamybavilnius.lt	Aiškus individualus užsakymas; didesnės apimties projektai, vietinė konkurencija ir vykdymo kontrolė.
viesbuciukosmetika.lt	Tikslus B2B pirkėjas; pakartotinių tiekimo užsakymų hipotezė, reikalingas tikras tiekėjas.
maistasvestuvems.lt	Aiškus renginio užsakymas; galimos komplektavimo užklausos, būtinas realus pajėgumas ir data.
renginiovedejas.lt	Tikslus mokamos paslaugos ketinimas; užklausos pagal datą ir renginio tipą.
vestuviuplanuotojos.lt	Aiški projektinė paslauga; koordinavimo ar partnerio modelis, didelė vykdymo priklausomybė.
autokonsultantas.lt	Aiški mokamos ekspertinės pagalbos hipotezė; stiprumas priklauso nuo tikros kompetencijos.
issinuomokauto.lt	Aiškus nuomos veiksmas; pirmas tyrimas69/100. Programos tinkamumas mums ir priskirto sandorio ekonomika dar nežinomi.
kemperionuomakaune.lt	Tikslus vietinis nuomos ketinimas; didesnio nuomos epizodo hipotezė, sezonas ir realus kalendorius.
autoelektrikaivilniuje.lt	Tikslus vietinis specialistas; probleminės užklausos, ilgas pavadinimas ir realaus grafiko poreikis.
auto-lauzynas.lt	Konkretus dalies paieškos ketinimas; naudotų dalių užklausos, būtini suderinamumas ir realus likutis.
vairo-koloneles.lt	Siauras automobilio komponentas; remonto ir pardavimo užklausos su modelio atranka.
automobiliuservisai.lt	Aiškus bendras paslaugos pavadinimas; platus portalas sunkiau išsiskiria, reikia siauro pirmo pasiūlymo.
dzipuservisas.lt	Konkretus transporto segmentas; specializuoto remonto užklausos, partnerių ir regiono priklausomybė.
spynuraktuservisas.lt	Tiesioginis specializuotos paslaugos ketinimas; skubos galimybė, ilgas pavadinimas ir pasitikėjimo vartai.
rastipagalbakelyje.lt	Aiškus skubus poreikis; ilgesnis pavadinimas, būtinas patikimas realaus laiko vykdymas.
ekranukeitimas.lt	Tikslus remonto veiksmas; užklausa pagal modelį, kainų konkurencija ir dalių savikaina.
skalbykliuremontasvilniuje.lt	Aiškus vietinis gedimo ketinimas; vienkartinis remontas, ilgas pavadinimas ir specialistų grafikas.
saldytuvu-remontas-vilnius.lt	Aiškus vietinis gedimo ketinimas; skuba galima, bet vykdymas ir pajamos priklauso nuo partnerio.
kompiuteriuremontas-vilniuje.lt	Aiškus vietinis remontas; silpnesnė pasikartojančių pajamų hipotezė už B2B priežiūrą.
dziovykliu-remontas-vilniuje.lt	Tikslus vietinis remontas; siauresnė auditorija ir ilgai rašomas domenas.
kaitlenciu-remontas-vilniuje.lt	Tikslus vietinis remontas; partnerių kompetencijos ir dalių prieinamumo priklausomybė.
gabentojas.lt	Trumpas paslaugos pavadinimas; reikia siauro krovinio maršruto ir tikro vežėjo mokėtojo.
siuntuvezejai.lt	Aiškus pervežimo ketinimas; kainų konkurencija ir mažų užsakymų administravimo rizika.
perkraustymopaslaugoskaune.lt	Labai aiškus vietinis užsakymas; ilgas domenas ir išsami darbų apimties atranka.
bendradarbystes.lt	Trumpas tikslus B2B pavadinimas; galimos periodinės rezervacijos, būtina tikra pasiūla.
pastatuvalymas.lt	Aiškus B2B darbų segmentas; galimas platesnis objektų aptarnavimas, reikia konkretaus pasiūlymo.
grafitivalymas.lt	Siauras, konkretus užsakymas; reikalinga specializuota technologija ir realūs darbų įrodymai.
kilimuvalymasvilniuje.lt	Aiškus vietinis užsakymas; transporto ir mažo čekio administravimo rizika.
svaranamams.lt	Suprantamas namų priežiūros pavadinimas; periodinės paslaugos hipotezė, darbo imlus vykdymas.
efektyvusnamai.lt	Platesnė renovacijos hipotezė; brangus rezultatas galimas, bet mokamas pasiūlymas nepakankamai konkretus.
saules-kolektoriai.lt	Tikslus šilumos gaminio raktažodis; montavimo alternatyva, netapatinti su saulės elektrinėmis ir patikrinti paklausą.
mokymai-ai.lt	Aiški B2B mokymų hipotezė; galima produktizuoti, tačiau tikra kompetencija ir rezultatai dar neįrodyti.
itmokymai.lt	Trumpas mokymų segmentas; įmonių mokymų ir individualių programų alternatyvos.
kodokursai.lt	Aiškus mokamas mokymosi ketinimas; vykdymo kokybė ir mokinių rezultatai svarbesni už turinio kiekį.
korepetitoriusnamuose.lt	Aiškus mokamos pagalbos ketinimas; galimas kartotinis mokymas, fizinė vieta riboja pasiūlą.
anglukalbospamokosinternete.lt	Tyrimas jau rodo sąlyginį69/100; mokėtojo kelias dokumentuotas, mūsų atlygis ir tinkamumas nežinomi.
norvegukalboskursai.lt	Aiškus specializuotas mokymo ketinimas; kartotinės pamokos, rinkos dydis ir dėstytojai nežinomi.
karjeroskonsultacija.lt	Tikslus mokamos konsultacijos ketinimas; reikia patikimos kompetencijos ir konkretaus rezultato.
kirpejumokykla.lt	Aiškus profesinis mokymas; didesnės programos hipotezė, būtinas realus mokymo vykdymas.
manikiurokursai.lt	Konkretus profesinis mokymosi ketinimas; partnerio programos ir skaitmeninės pagalbos alternatyvos.
visazisteskursai.lt	Konkretus profesinis mokymas; reikia tikro dėstytojo ir praktinio rezultato.
darbassvetur.lt	Aiškus darbo paieškos segmentas; didelė pasitikėjimo ir darbdavio mokėjimo sutarties priklausomybė.
seopaslaugosirkokybiskasturinys.lt	Mokamos B2B paslaugos galimybė; itin ilgas pavadinimas ir būtinybė įrodyti rezultatus.
reikiatinklapio.lt	Aiškus kliento poreikio pavadinimas; projektinis kūrimas, portfelis ir išsiskyrimas dar neįrodyti.
grafiniodizainopaslaugos.lt	Tikslus paslaugos raktažodis; projektų hipotezė, ilgas domenas ir daug alternatyvų.
logokurimas.lt	Trumpas konkretus užsakymas; vienkartinis produktas ir stipri pigesnių alternatyvų rizika.
teksturasytoja.lt	Aiški paslaugos hipotezė; vienkartiniai darbai ir automatinių alternatyvų spaudimas.
fotostudijaverslui.lt	Aiškus B2B pirkėjas; komercinės fotografijos projektai, būtinas tikras fotografas ir portfelis.
fotoreklamai.lt	Konkretus komercinės fotografijos tikslas; projektai priklauso nuo kompetencijos ir realių pavyzdžių.
sukurkdovana.lt	Personalizavimo veiksmas; B2B dovanų alternatyva, būtinas konkretus gaminys ir vykdymas.
foto-drobe.lt	Tikslus personalizuotas gaminys; galima perduoti gamybą, marža ir pristatymo ekonomika nežinomos.
filmuotojai.lt	Trumpas specialistų raktažodis; B2B vaizdo alternatyva, bet pirmas pasiūlymas dar per platus.
fotoirvideo.lt	Suprantamas paslaugų junginys; platus ir sunkiau išskirtinis užklausos pasiūlymas.
fotovideovestuvems.lt	Aiškus renginio užsakymas; portfelis, konkreti data ir komandos prieinamumas lemia pasirinkimą.
veduvestuves.lt	Aiškus paslaugos pavadinimas; asmeninio pasitikėjimo ir tikro vedėjo priklausomybė.
dekorasrenginiams.lt	Konkretus renginio projektas; komplektavimo alternatyva, daug logistikos ir vizualinės atrankos.
gyvogarsogrupe.lt	Aiškus mokamo renginio ketinimas; datų prieinamumas ir tikrų atlikėjų reputacija svarbūs.
pramogosrenginiams.lt	Konkretus renginio poreikis; kelios monetizavimo alternatyvos, bet reikia siauro pasiūlymo.
pripuciami-batutai.lt	Konkretus nuomos produktas; sezoniškumas, saugus vykdymas ir transporto ekonomika.
stovyklavaikams.lt	Aiškus tėvų pirkimo ketinimas; pasitikėjimas, tikras organizatorius ir sezoninis pajėgumas.
vaikuaiksteles.lt	Konkretus šeimų ir organizacijų produktas; montavimo hipotezė, būtini saugos ir vykdymo įrodymai.
technikaaplinkotvarkai.lt	Komercinis technikos segmentas; ilgas platus pavadinimas, būtinas konkretus gaminio ar nuomos testas.
gyvunu-maistas.lt	Aiškus kartotinis produktas; marža, pristatymas ir stambių pardavėjų alternatyvos dar netirtos.
prekes-gyvunams.lt	Platus komercinis segmentas; kartotiniai pirkimai galimi, bet reikia daug siauresnio pirmo pasiūlymo.
3dmodelis.lt	Trumpas skaitmeninio objekto raktažodis; B2B individualaus modeliavimo hipotezė, kompetencija neįrodyta.
3dprinteris.lt	Tikslus technikos pavadinimas; prekių ir spausdinimo paslaugos alternatyvos, išsiskyrimas neaiškus.
antivirusas.lt	Trumpas konkretaus produkto raktažodis; partnerių programa nepatikrinta, stipri alternatyvų konkurencija.
domenucentras.lt	Trumpas verslo pavadinimas; pakartotinių domeno paslaugų hipotezė, silpnas išsiskyrimas ir atlygis nežinomas.
pigusinternetas.lt	Aiškus kainos palyginimo ketinimas; priklausomybė nuo operatorių programų ir menkas išsiskyrimas.
sunukirpyklele.lt	Aiškus kartotinis paslaugos ketinimas; vietinis pajėgumas, mažesnis tarpininko atlygis ir pasitikėjimas.
sunuvedziojimas.lt	Aiškus kartotinis poreikis; daug žmogaus laiko ir vietinės logistikos.
gyvunu-aukle-alytus.lt	Aiški vietinė paslauga; siauras regionas, žmogaus vykdymas ir pasitikėjimo priklausomybė.
manikiurostudija.lt	Aiškus kartotinis paslaugos ketinimas; konkuruojama realiais meistrais ir jų grafiku.
blakstienu-priauginimas.lt	Tikslus paslaugos raktažodis; vykdymas ir klientų pasitikėjimas priklauso nuo realaus meistro.
depiliacija-kaune.lt	Tikslus vietinis paslaugos ketinimas; vieno miesto ir specialisto pajėgumo riba.
kirptis.lt	Labai trumpas veiksmo domenas; plati mažo tarpininkavimo atlygio ir rezervacijų hipotezė.
grozio-meistrai.lt	Aiški specialistų kategorija; bendram katalogui sunku išsiskirti be konkretaus poreikio.
vestuvinismakiazasvilniuje.lt	Tikslus renginio ir miesto ketinimas; labai ilgas domenas ir konkrečios datos vykdymas.
juvelyraskaune.lt	Tikslus vietinis specialistas; individualūs darbai galimi, būtini meistras ir pasitikėjimas.
ieskausiuvejos.lt	Aiškus paslaugos paieškos veiksmas; maži užsakymai ir daug individualios atrankos.
avalynestaisymas.lt	Tikslus vietinis remonto ketinimas; tikėtino mažo čekio hipotezė ir logistikos sąnaudos.
akiniuservisas.lt	Aiškus remonto rezultatas; siauras segmentas ir realių specialistų priklausomybė.
tenisasvilnius.lt	Aiškus vietinis sporto segmentas; kartotinės treniruotės, bet realių laikų ir trenerių poreikis.
asmeninistreneriskaune.lt	Tikslus vietinis mokamos paslaugos ketinimas; ilgas domenas ir asmeninio pasitikėjimo priklausomybė.
dviraciumeistras.lt	Aiškus remonto specialistas; mažesnės užklausos vertės hipotezė ir sezoniškumas.
tekvondosiauliai.lt	Aiški vietinė treniruočių niša; kartotinė paslauga, bet siaura geografija ir vykdytojas.
jogosuzsiemimai.lt	Aiškus kartotinis paslaugos ketinimas; realus mokytojas, vieta ir grafikas lemia vykdymą.
kodoburelis.lt	Aiškus kartotinis ugdymas; vaikų pasitikėjimo ir realaus mokymo vykdymo vartai.
vertimaikaune.lt	Aiškus vietinis paslaugos ketinimas; būtina konkreti specializacija, dalis poreikių nėra vietiniai.
rusuvertimai.lt	Tikslus kalbos paslaugos raktažodis; siauras kalbų derinys ir kompetencijos patikra.
sezoniniaidarbai.lt	Aiškus darbo paieškos ketinimas; sezoniškumas ir nepatvirtintas darbdavio noras mokėti.
ieskaunamo.lt	Trumpas sandorio poreikis; bendras portalas sunkiai išsiskiria, tikra pasiūla nepatvirtinta.
parduodusodyba.lt	Aiškus turto pardavimo veiksmas; stambus sandoris, bet retas ir priklausomas nuo tikrų objektų.
butaidruskininkuose.lt	Aiškus vietinis turto raktažodis; pardavimo ir nuomos intencija dviprasmiška.
apgyvendinimaspalangoje.lt	Aiškus vietinis užsakymas; sezoniškumas ir platformų konkurencija mažina pradinį prioritetą.
pirties-nuoma.lt	Tikslus rezervavimo ketinimas; realaus kalendoriaus ir vietos priklausomybė.
nuomakubilo.lt	Aiškus mobilios nuomos veiksmas; transportas, higiena ir nedidelio tarpininko atlygio hipotezė.
sodybajonavoje.lt	Aiškus vietinis nuomos produktas; geografija ir tikro objekto kalendorius riboja pasirinkimą.
druskininkaispa.lt	Aiškus vietinis turizmo segmentas; galimas paketas, platformų konkurencija ir nepatvirtintos partnerių sąlygos.
baidariu-nuoma-dubysa.lt	Labai tikslus vietinis nuomos ketinimas; sezonas, oras ir transporto ekonomika.
baidarestaurageje.lt	Konkretus vietinis pramogų segmentas; siauras regionas ir sezoniškumas.
pabegimo-kambarys.lt	Tikslus rezervavimo ketinimas; realus kambarys ir kalendorius, nepatvirtintas partnerio atlygis.
sventevaikams.lt	Aiškus renginio poreikis; reikia konkretaus paketo ir realaus vykdytojo.
plaukimaslaivutrakuose.lt	Labai tikslus vietinis užsakymas; sezonas, oras ir tikro laivo prieinamumas.
duminepirtis.lt	Trumpas specializuotas pramogos produktas; siaura auditorija ir realaus objekto priklausomybė.
geliusiena.lt	Konkretus renginių dekoras; nuomos hipotezė, transportas ir gretimų dekoravimo nišų dubliavimas.
riesesgeles.lt	Aiškus vietinis gaminys; silpnesnė geografijos plėtra ir greito pristatymo vykdymas.
fotoseimai.lt	Aiškus fotografijos rezultatas; pasitikėjimas portfeliu ir konkretaus fotografo laikas.
karaokevilniuje.lt	Aiškus vietinis pramogos ketinimas; vietos grafikas ir nepatvirtintas atlygis tarpininkui.
prekeszvejams.lt	Platus komercinis segmentas; tikra marža ir išsiskyrimas prieš parduotuves dar netirti.
viskaskarpininkui.lt	Aiškesnis hobio segmentas; nišinių gaminių hipotezė, būtinas tiekėjas ir maržos patikra.
ketauspuodai.lt	Tikslus prekės raktažodis; palyginimo ar prekybos alternatyvos, reta pakartotinio pirkimo hipotezė.
lovosinternetu.lt	Aiškus didesnio gaminio pirkimas; grąžinimų, pristatymo ir stambių pardavėjų alternatyvų rizika.
patalynenamams.lt	Suprantamas gaminys; bendras e-komercijos pasiūlymas be aiškaus išsiskyrimo.
kedai-internetu.lt	Aiškus prekės pirkimas; dydžių grąžinimai, ženklų pasiūla ir stiprios alternatyvos.
suknelesvestuvems.lt	Aiškus renginio gaminys; dydžiai, matavimai ir grąžinimai apsunkina vykdymą.
vaikubatukai.lt	Aiškus kartotinis produktas; dydžiai, grąžinimai ir konkurencinė marža nežinomi.
dailininkuprekes.lt	Aiškus hobio gaminių segmentas; galima kartotinė prekyba, būtinas siauras pradinis pasirinkimas.
rczaislai.lt	Konkretus techninių žaislų segmentas; detalės ir servisas galimi, bet garantijos ir tiekimas nežinomi.
lcdekranai.lt	Tikslus komponentas; techninis suderinamumas ir likučiai, be serviso lengva tapti bendru katalogu.
valtele.lt	Trumpas produkto pavadinimas; gaminys ar pramoga dviprasmiški, logistika ir sezoniškumas.
leliunamai.lt	Konkretus šeimų gaminys; retas pirkimas, logistika ir tiekimo diferenciacija nežinomos.
dumudavikliai.lt	Tikslus mažas saugos gaminys; vienkartinio užsakymo ekonomika, tinkamumas ir papildomos paslaugos nepatikrinti.
maistorinkiniai.lt	Aiškus kartotinio produkto formatas; sudėtinga šviežio maisto logistika ir nepatvirtinta ekonomika.
savasmedus.lt	Suprantamas prekės pavadinimas; reikia kilmės, tikro tiekėjo ir išsiskyrimo, ekonomika nežinoma.
sendaikciu-supirkimas.lt	Aiškus sandorio veiksmas; ekspertinio vertinimo ir labai nevienodos užklausų vertės priklausomybė.
kaledinesdovanosvyrams.lt	Tikslus sezoninis pirkimo ketinimas; ilgas domenas ir trumpas aktyvus sezonas.
nertimeskiai.lt	Aiškus individualus gaminys; žmogaus gamybos laikas ir riboto mastelio hipotezė.
mediniai-atvirukai.lt	Konkretus smulkus gaminys; personalizavimas galimas, bet mažo užsakymo administravimo rizika.
drozybosdarbai.lt	Aiški amato paslauga; projektai individualūs, stipri konkretaus meistro ir laiko priklausomybė.
el-knygos.lt	Aiškus skaitmeninio turinio segmentas; nėra konkretaus mokėtojo pasiūlymo ar išskirtinio katalogo.
religinesprekes.lt	Aiškus nišinis gaminių segmentas; auditorija ir konkretus mokamas pasiūlymas dar nepatikrinti.
noriukebabo.lt	Aiškus maisto užsakymo veiksmas; mažo čekio ir pristatymo platformų tarpininkavimo hipotezė silpnesnė.
