"Tema";"Straipsnis";"Data Lietuvoje";"Laikas Lietuvoje";"Zona";"UTC";"Adresas";"Būsena"
"AV-gidas";"Auskarų vėrimo gidas: vieta, papuošalas, eiga ir priežiūros planas";"2026-10-30";"10:00";"Europe/Vilnius";"2026-10-30T08:00:00.000Z";"https://madbeauty.lt/gidai/auskaru-verimas-gidas";"DEPLOYED_SCHEDULED"
"ES-gidas";"Estetinės procedūros: konsultacija, kosmetinis metodas ir medicininė kompetencija";"2026-11-02";"16:00";"Europe/Vilnius";"2026-11-02T14:00:00.000Z";"https://madbeauty.lt/gidai/estetika-gidas";"DEPLOYED_SCHEDULED"
"FX-gidas";"Treniruotės pasirinkimas: individualus, grupinis, pilateso ar jogos formatas";"2026-11-03";"10:00";"Europe/Vilnius";"2026-11-03T08:00:00.000Z";"https://madbeauty.lt/gidai/fizinis-aktyvumas-gidas";"DEPLOYED_SCHEDULED"
"GY-gidas";"Gyvūno kirpimas ir kailio priežiūra: šuns, katės ir veterinaro poreikiai";"2026-11-04";"10:00";"Europe/Vilnius";"2026-11-04T08:00:00.000Z";"https://madbeauty.lt/gidai/gyvunai-gidas";"DEPLOYED_SCHEDULED"
"IG-gidas";"Purškiamas įdegis ir soliariumas: skirtingi metodai ir sveikatos ribos";"2026-11-04";"16:00";"Europe/Vilnius";"2026-11-04T14:00:00.000Z";"https://madbeauty.lt/gidai/idegis-gidas";"DEPLOYED_SCHEDULED"
"KP-gidas";"Kūno priežiūros gidas: odos procedūros, įvyniojimai ir aparatų paskirties ribos";"2026-11-05";"10:00";"Europe/Vilnius";"2026-11-05T08:00:00.000Z";"https://madbeauty.lt/gidai/kuno-prieziura-gidas";"DEPLOYED_SCHEDULED"
"KT-gidas";"Kineziterapija: konsultacija, individualus darbas ir grupinis užsiėmimas";"2026-11-05";"16:00";"Europe/Vilnius";"2026-11-05T14:00:00.000Z";"https://madbeauty.lt/gidai/kineziterapija-gidas";"DEPLOYED_SCHEDULED"
"LZ-gidas";"Plaukų šalinimo lazeriu gidas: metodas, konsultacija ir rezultatų ribos";"2026-11-06";"10:00";"Europe/Vilnius";"2026-11-06T08:00:00.000Z";"https://madbeauty.lt/gidai/plauku-salinimas-lazeriu-gidas";"DEPLOYED_SCHEDULED"
"MD-gidas";"Dermatologo ir medicinos estetikos konsultacijos: skirtumai";"2026-11-06";"16:00";"Europe/Vilnius";"2026-11-06T14:00:00.000Z";"https://madbeauty.lt/gidai/medicina-gidas";"DEPLOYED_SCHEDULED"
"MS-gidas";"Masažo gidas: kūno ir veido paslaugos, eiga bei kompetencijos ribos";"2026-11-08";"10:00";"Europe/Vilnius";"2026-11-08T08:00:00.000Z";"https://madbeauty.lt/gidai/masazas-gidas";"DEPLOYED_SCHEDULED"
"OD-gidas";"Burnos higiena, dantų balinimas ir odontologo konsultacija: skirtingi tikslai";"2026-11-09";"16:00";"Europe/Vilnius";"2026-11-09T14:00:00.000Z";"https://madbeauty.lt/gidai/odontologija-gidas";"DEPLOYED_SCHEDULED"
"PM-gidas";"Permanentinis makiažas: kas tai, zonos, privalumai ir ribos";"2026-11-11";"10:00";"Europe/Vilnius";"2026-11-11T08:00:00.000Z";"https://madbeauty.lt/gidai/ilgalaikis-makiazas-gidas";"DEPLOYED_SCHEDULED"
"PS-gidas";"Psichologas, psichoterapija, porų ir šeimos konsultacija: skirtumai";"2026-11-12";"10:00";"Europe/Vilnius";"2026-11-12T08:00:00.000Z";"https://madbeauty.lt/gidai/psichologine-pagalba-gidas";"DEPLOYED_SCHEDULED"
"PX-gidas";"Plaukų priauginimas: tvirtinimo metodas, svoris ir priežiūros poreikis";"2026-11-12";"16:00";"Europe/Vilnius";"2026-11-12T14:00:00.000Z";"https://madbeauty.lt/gidai/plauku-priauginimas-gidas";"DEPLOYED_SCHEDULED"
"RP-gidas";"Rankų ir pėdų SPA: odos priežiūra, parafinas ir manikiūro skirtumai";"2026-11-13";"10:00";"Europe/Vilnius";"2026-11-13T08:00:00.000Z";"https://madbeauty.lt/gidai/rankos-pedos-spa-gidas";"DEPLOYED_SCHEDULED"
"SP-gidas";"SPA gidas: ritualas, pirtis ir privatus apsilankymas nėra tas pats";"2026-11-13";"16:00";"Europe/Vilnius";"2026-11-13T14:00:00.000Z";"https://madbeauty.lt/gidai/spa-gidas";"DEPLOYED_SCHEDULED"
"SV-gidas";"Meditacija, kvėpavimas ir garso seansai: formatai ir įrodymų ribos";"2026-11-14";"10:00";"Europe/Vilnius";"2026-11-14T08:00:00.000Z";"https://madbeauty.lt/gidai/savijauta-gidas";"DEPLOYED_SCHEDULED"
"TT-gidas";"Tatuiruotės pasirinkimas: idėja, vieta, eskizas ir atsakingi klausimai";"2026-11-15";"10:00";"Europe/Vilnius";"2026-11-15T08:00:00.000Z";"https://madbeauty.lt/gidai/tatuiruotes-gidas";"DEPLOYED_SCHEDULED"
"VP-gidas";"Veido priežiūros paslaugų gidas: konsultacija, valymas ir procedūros apimtis";"2026-11-16";"10:00";"Europe/Vilnius";"2026-11-16T08:00:00.000Z";"https://madbeauty.lt/gidai/veido-prieziura-gidas";"DEPLOYED_SCHEDULED"
"B-meistrui-galerija";"Meistrui: darbų fotografavimas, spalvos tikslumas ir publikavimo teisės";"2026-11-17";"16:00";"Europe/Vilnius";"2026-11-17T14:00:00.000Z";"https://madbeauty.lt/gidai/bendri-meistrui-galerija";"DEPLOYED_SCHEDULED"
"AV-kaina-trukme";"Auskarų vėrimo kaina ir trukmė: papuošalas, vieta ir kontrolinis vizitas";"2026-11-21";"10:00";"Europe/Vilnius";"2026-11-21T08:00:00.000Z";"https://madbeauty.lt/gidai/auskaru-verimas-kaina-trukme";"DEPLOYED_SCHEDULED"
"KP-kaina-trukme";"Kūno procedūros kaina ir trukmė: zonos, metodas bei kursas";"2026-11-25";"16:00";"Europe/Vilnius";"2026-11-25T14:00:00.000Z";"https://madbeauty.lt/gidai/kuno-prieziura-kaina-trukme";"DEPLOYED_SCHEDULED"
"LZ-kaina-trukme";"Plaukų šalinimo lazeriu kaina ir trukmė: zona, įrenginys bei paketas";"2026-11-26";"10:00";"Europe/Vilnius";"2026-11-26T08:00:00.000Z";"https://madbeauty.lt/gidai/plauku-salinimas-lazeriu-kaina-trukme";"DEPLOYED_SCHEDULED"
"MS-kaina-trukme";"Masažo kaina ir trukmė: darbo laikas, zonos bei papildomi komponentai";"2026-11-27";"10:00";"Europe/Vilnius";"2026-11-27T08:00:00.000Z";"https://madbeauty.lt/gidai/masazas-kaina-trukme";"DEPLOYED_SCHEDULED"
"VP-kaina-trukme";"Veido priežiūros kaina ir trukmė: konsultacija, metodas bei papildomi darbai";"2026-11-30";"16:00";"Europe/Vilnius";"2026-11-30T14:00:00.000Z";"https://madbeauty.lt/gidai/veido-prieziura-kaina-trukme";"DEPLOYED_SCHEDULED"
"DP-kojos";"Kojų depiliacija: blauzdos, šlaunys ar visos kojos";"2026-12-02";"16:00";"Europe/Vilnius";"2026-12-02T14:00:00.000Z";"https://madbeauty.lt/gidai/depiliacija-kojos";"DEPLOYED_SCHEDULED"
"GL-nuemimas";"Nagų lako nuėmimas: paprasta danga, gelinis lakas ir naujas padengimas";"2026-12-03";"10:00";"Europe/Vilnius";"2026-12-03T08:00:00.000Z";"https://madbeauty.lt/gidai/gelinis-lakavimas-nuemimas";"DEPLOYED_SCHEDULED"
"MN-be-lakavimo";"Manikiūras be lakavimo: kas atliekama ir kokio rezultato tikėtis?";"2026-12-03";"16:00";"Europe/Vilnius";"2026-12-03T14:00:00.000Z";"https://madbeauty.lt/gidai/manikiuras-be-lakavimo";"DEPLOYED_SCHEDULED"
"MS-nugara-ar-kunas";"Nugaros ar viso kūno masažas: zonos, apimtis ir seanso trukmė";"2026-12-04";"10:00";"Europe/Vilnius";"2026-12-04T08:00:00.000Z";"https://madbeauty.lt/gidai/masazas-nugara-ar-kunas";"DEPLOYED_SCHEDULED"
"PD-kaina-trukme";"Pedikiūro kaina ir trukmė: pėdos, nagai, danga bei nuėmimas";"2026-12-05";"10:00";"Europe/Vilnius";"2026-12-05T08:00:00.000Z";"https://madbeauty.lt/gidai/pedikiuras-kaina-trukme";"DEPLOYED_SCHEDULED"
"VP-konsultacija";"Pirmoji veido priežiūros konsultacija: poreikiai, istorija ir aiškus planas";"2026-12-06";"10:00";"Europe/Vilnius";"2026-12-06T08:00:00.000Z";"https://madbeauty.lt/gidai/veido-prieziura-konsultacija";"DEPLOYED_SCHEDULED"
"MN-trukme";"Kiek trunka manikiūras ir kas prailgina vizitą?";"2026-12-07";"10:00";"Europe/Vilnius";"2026-12-07T08:00:00.000Z";"https://madbeauty.lt/gidai/manikiuras-trukme";"DEPLOYED_SCHEDULED"
"ES-mezoterapija-biorevitalizacija";"Mezoterapija ir biorevitalizacija: ką reikia žinoti apie konkretų metodą ir priemonę";"2026-12-07";"16:00";"Europe/Vilnius";"2026-12-07T14:00:00.000Z";"https://madbeauty.lt/gidai/estetika-mezoterapija-biorevitalizacija";"DEPLOYED_SCHEDULED"
"FX-joga-pilatesas";"Joga ar pilatesas: pamokos pobūdis, inventorius ir pasirinkimo kriterijai";"2026-12-08";"10:00";"Europe/Vilnius";"2026-12-08T08:00:00.000Z";"https://madbeauty.lt/gidai/fizinis-aktyvumas-joga-pilatesas";"DEPLOYED_SCHEDULED"
"OD-balinimas";"Dantų balinimo konsultacija: natūrali spalva, restauracijos ir metodų ribos";"2026-12-08";"16:00";"Europe/Vilnius";"2026-12-08T14:00:00.000Z";"https://madbeauty.lt/gidai/odontologija-balinimas";"DEPLOYED_SCHEDULED"
"PM-antakiai";"Ilgalaikis antakių makiažas: forma, pigmentas ir metodo pasirinkimas";"2026-12-09";"10:00";"Europe/Vilnius";"2026-12-09T08:00:00.000Z";"https://madbeauty.lt/gidai/ilgalaikis-makiazas-antakiai";"DEPLOYED_SCHEDULED"
"PS-poros-seima";"Porų ar šeimos konsultacija: dalyvavimas, tikslas ir konfidencialumo susitarimas";"2026-12-09";"16:00";"Europe/Vilnius";"2026-12-09T14:00:00.000Z";"https://madbeauty.lt/gidai/psichologine-pagalba-poros-seima";"DEPLOYED_SCHEDULED"
"PX-korekcija-nuemimas";"Priaugintų plaukų korekcija ir nuėmimas: atskiros darbų apimtys";"2026-12-10";"10:00";"Europe/Vilnius";"2026-12-10T08:00:00.000Z";"https://madbeauty.lt/gidai/plauku-priauginimas-korekcija-nuemimas";"DEPLOYED_SCHEDULED"
"RP-parafinas";"Parafino procedūra rankoms ar pėdoms: šildomas ir šaltas variantas";"2026-12-10";"16:00";"Europe/Vilnius";"2026-12-10T14:00:00.000Z";"https://madbeauty.lt/gidai/rankos-pedos-spa-parafinas";"DEPLOYED_SCHEDULED"
"SP-galvos-spa";"Galvos SPA: plaukų priežiūra, masažas ir ritualo apimtis";"2026-12-11";"10:00";"Europe/Vilnius";"2026-12-11T08:00:00.000Z";"https://madbeauty.lt/gidai/spa-galvos-spa";"DEPLOYED_SCHEDULED"
"TT-eskizas";"Tatuiruotės eskizo konsultacija: stilius, mastelis ir autorystė";"2026-12-11";"16:00";"Europe/Vilnius";"2026-12-11T14:00:00.000Z";"https://madbeauty.lt/gidai/tatuiruotes-eskizas";"DEPLOYED_SCHEDULED"
"AV-metodai";"Auskarų vėrimo metodas ir įrankiai: ką paaiškina specialistas?";"2026-12-12";"10:00";"Europe/Vilnius";"2026-12-12T08:00:00.000Z";"https://madbeauty.lt/gidai/auskaru-verimas-metodai";"DEPLOYED_SCHEDULED"
"DZ-balayage-airtouch";"Balayage ir Airtouch: kuo skiriasi technika bei rezultato planavimas?";"2026-12-13";"10:00";"Europe/Vilnius";"2026-12-13T08:00:00.000Z";"https://madbeauty.lt/gidai/plauku-dazymas-balayage-airtouch";"DEPLOYED_SCHEDULED"
"ES-mikroadatine";"Mikroadatinė procedūra: įrenginys, paskirtis ir RF skirtumas";"2026-12-14";"10:00";"Europe/Vilnius";"2026-12-14T08:00:00.000Z";"https://madbeauty.lt/gidai/estetika-mikroadatine";"DEPLOYED_SCHEDULED"
"KP-ivyniojimas";"Kūno įvyniojimai: priemonė, ritualas ir pažadų ribos";"2026-12-14";"16:00";"Europe/Vilnius";"2026-12-14T14:00:00.000Z";"https://madbeauty.lt/gidai/kuno-prieziura-ivyniojimas";"DEPLOYED_SCHEDULED"
"LZ-lazeris-ipl";"Lazeris ir IPL plaukų šalinimui: kuo skiriasi technologijos pavadinimai?";"2026-12-15";"10:00";"Europe/Vilnius";"2026-12-15T08:00:00.000Z";"https://madbeauty.lt/gidai/plauku-salinimas-lazeriu-lazeris-ipl";"DEPLOYED_SCHEDULED"
"ND-chrome-cat-eye";"Chrome ir cat-eye nagai: du skirtingi šviesos efektai";"2026-12-15";"16:00";"Europe/Vilnius";"2026-12-15T14:00:00.000Z";"https://madbeauty.lt/gidai/nagu-dizainas-chrome-cat-eye";"DEPLOYED_SCHEDULED"
"NP-formos-tipsai";"Nagų priauginimo formos ir tipsai: ką reiškia paslaugos metodas?";"2026-12-16";"10:00";"Europe/Vilnius";"2026-12-16T08:00:00.000Z";"https://madbeauty.lt/gidai/nagu-priauginimas-formos-tipsai";"DEPLOYED_SCHEDULED"
"PM-lupos-akys";"Ilgalaikis lūpų ir akių makiažas: skirtingos zonos ir vizito klausimai";"2026-12-16";"16:00";"Europe/Vilnius";"2026-12-16T14:00:00.000Z";"https://madbeauty.lt/gidai/ilgalaikis-makiazas-lupos-akys";"DEPLOYED_SCHEDULED"
"PP-atstatymas";"„Plaukų atstatymas“: ką reiškia pasiūlymas ir kokių įrodymų reikia?";"2026-12-17";"10:00";"Europe/Vilnius";"2026-12-17T08:00:00.000Z";"https://madbeauty.lt/gidai/plauku-prieziura-atstatymas";"DEPLOYED_SCHEDULED"
"SP-hamamas";"Hamamas, garinė pirtis ir pirtis: kuo skiriasi patirtis ir pasiūlymas?";"2026-12-17";"16:00";"Europe/Vilnius";"2026-12-17T14:00:00.000Z";"https://madbeauty.lt/gidai/spa-hamamas";"DEPLOYED_SCHEDULED"
"AN-dazai-henna";"Antakių dažai ir henna: ką lyginti renkantis pasiūlymą?";"2026-12-18";"10:00";"Europe/Vilnius";"2026-12-18T08:00:00.000Z";"https://madbeauty.lt/gidai/antakiai-dazai-henna";"DEPLOYED_SCHEDULED"
"AV-papuosalas";"Pirmas auskaras: papuošalo medžiaga, dydis ir dokumentuota informacija";"2026-12-18";"16:00";"Europe/Vilnius";"2026-12-18T14:00:00.000Z";"https://madbeauty.lt/gidai/auskaru-verimas-papuosalas";"DEPLOYED_SCHEDULED"
"BL-dazymas";"Blakstienų dažymas: ką jis keičia ir ko nesuteikia?";"2026-12-19";"10:00";"Europe/Vilnius";"2026-12-19T08:00:00.000Z";"https://madbeauty.lt/gidai/blakstienos-dazymas";"DEPLOYED_SCHEDULED"
"BR-masinele-skutimas";"Barzdos formavimas mašinėle ar švarus skutimas: skirtingas rezultatas";"2026-12-20";"10:00";"Europe/Vilnius";"2026-12-20T08:00:00.000Z";"https://madbeauty.lt/gidai/barzda-vyrams-masinele-skutimas";"DEPLOYED_SCHEDULED"
"DP-ar-lazeris";"Depiliacija vašku ar lazerinis plaukų šalinimas: skirtumai";"2026-12-21";"10:00";"Europe/Vilnius";"2026-12-21T08:00:00.000Z";"https://madbeauty.lt/gidai/depiliacija-ar-lazeris";"DEPLOYED_SCHEDULED"
"DZ-ombre-sombre";"Ombré, sombré ir balayage: rezultato pavadinimas ar darbo technika?";"2026-12-21";"16:00";"Europe/Vilnius";"2026-12-21T14:00:00.000Z";"https://madbeauty.lt/gidai/plauku-dazymas-ombre-sombre";"DEPLOYED_SCHEDULED"
"GL-ar-stiprinimas";"Gelinis lakavimas, nagų stiprinimas ir priauginimas: trys skirtingi rezultatai";"2026-12-22";"16:00";"Europe/Vilnius";"2026-12-22T14:00:00.000Z";"https://madbeauty.lt/gidai/gelinis-lakavimas-ar-stiprinimas";"DEPLOYED_SCHEDULED"
"KP-sveitimas";"Kūno šveitimas: kosmetinės procedūros apimtis ir priežiūra";"2026-12-23";"10:00";"Europe/Vilnius";"2026-12-23T08:00:00.000Z";"https://madbeauty.lt/gidai/kuno-prieziura-sveitimas";"DEPLOYED_SCHEDULED"
"LZ-zonos";"Lazerinio plaukų šalinimo zonos: veidas, pažastys, bikini ir kūnas";"2026-12-23";"16:00";"Europe/Vilnius";"2026-12-23T14:00:00.000Z";"https://madbeauty.lt/gidai/plauku-salinimas-lazeriu-zonos";"DEPLOYED_SCHEDULED"
